Date,Close,High,Low,Open,Volume,Returns,signal
2024-03-22,425.4915466308594,426.6030558566972,422.8417934382558,426.4442947841674,17636500.0,,0
2024-03-25,419.65606689453125,424.1716107025241,418.41553787360243,422.0180389961963,18060500.0,-0.01371467842906593,0
2024-03-26,418.45526123046875,422.7623745415083,418.1575463672177,422.38524885715407,16725600.0,-0.0028614042755261693,0
2024-03-27,418.2369079589844,421.23404544961727,415.83526074059097,421.2241115258407,16705000.0,-0.0005218079248001661,0
2024-03-28,417.53228759765625,418.6735682140503,415.94440442920035,417.7704594727013,21871200.0,-0.001684739792015777,0
2024-04-01,421.35308837890625,424.6479403829761,419.0208880059547,420.7377908946275,16316000.0,0.009150910946872148,0
2024-04-02,418.2468566894531,419.17973696688534,414.6741269340057,416.9269168072685,17912000.0,-0.007372039686249554,0
2024-04-03,417.26434326171875,420.0530500088036,415.91463197146663,416.54979735190346,16502300.0,-0.002349123279757004,0
2024-04-04,414.71380615234375,425.4220608182633,414.4061573873391,421.76992047315406,19370900.0,-0.006112521116560465,0
2024-04-05,422.2958984375,423.2784179752705,415.1504697507563,416.8276673390752,16544300.0,0.018282710082651477,0
2024-04-08,421.3729553222656,424.0425761054586,420.09272093696904,421.9485777283347,14272400.0,-0.002185536536464805,0
2024-04-09,423.0501708984375,424.4991003259259,418.4254750382327,423.20896224870864,12512300.0,0.00398035886021475,0
2024-04-10,420.0530700683594,420.81722505973426,416.5200457584293,418.99116993330387,16216600.0,-0.007084504477833264,0
2024-04-11,424.6876525878906,426.1167444183971,419.15984809671994,422.5936541739285,17966400.0,0.011033326143234712,0
2024-04-12,418.703369140625,421.9585162359949,416.58950274190113,420.8370731015467,19232100.0,-0.014091022921904117,0
2024-04-15,410.5059509277344,423.5860815606245,410.2975202475589,423.36774724307367,20273500.0,-0.019578104254846518,0
2024-04-16,411.4388122558594,415.2298762897989,410.59527673352017,411.4289086182102,16765600.0,0.002272467246861476,0
2024-04-17,408.7195739746094,415.70624190109544,407.22100522560083,414.0885872118868,15855500.0,-0.006609095205045934,0
2024-04-18,401.2069091796875,408.76919927263555,400.88935677884103,407.5187363707615,21029900.0,-0.018380976281279326,0
2024-04-19,396.095947265625,402.4077746386735,394.7561698730406,400.9687488676842,30276500.0,-0.012738967842085391,0
2024-04-22,397.9219970703125,399.7976914523607,392.7514806878664,397.04865981007964,20286900.0,0.004610119889620901,0
2024-04-23,404.48193359375,405.10716505974153,400.0060952402287,401.1771473553241,15734500.0,0.016485483516203825,0
2024-04-24,405.96063232421875,409.3447990752087,403.6979086365787,406.45684392489727,15065300.0,0.0036557843692319736,0
2024-04-25,396.0165710449219,396.8601368410158,385.08998167747234,391.04452101034235,40586500.0,-0.024495136935729023,0
2024-04-26,403.2413635253906,409.87074260189837,402.68560900917737,409.04704475026614,29694700.0,0.018243662030115404,0
2024-04-29,399.20220947265625,403.2413789354232,396.165397076456,402.17947890315463,19582100.0,-0.010016715590438263,0
2024-04-30,386.380126953125,399.112934090919,386.2213658866136,398.44799719369325,28781400.0,-0.03211926741705451,1
2024-05-01,391.9476013183594,398.67622906449674,387.3526772876393,389.63523841829954,23562500.0,0.014409318639490465,0
2024-05-02,394.82562255859375,396.8997833087663,391.6597902856064,394.6469936602289,17709400.0,0.007342872441504555,0
2024-05-03,403.57879638671875,404.0650740320478,398.8151471589616,399.23197820235123,17446700.0,0.022169720828657757,0
2024-05-06,410.4067077636719,410.7937370714025,403.29101993493754,405.66292597330005,16996600.0,0.016918409584656402,0
2024-05-07,406.2384948730469,411.52812730475875,405.9903890817075,411.5181933814727,20018200.0,-0.01015629815930108,0
2024-05-08,407.4294738769531,409.1066716925652,403.6284756420051,405.0774354797478,11792300.0,0.002931723652330076,0
2024-05-09,409.1959533691406,409.59291660377954,406.00034935781423,407.45921271703617,14689700.0,0.00433566937457508,0
2024-05-10,411.5975646972656,412.23273004632824,408.6798382335046,409.8112151541409,13402300.0,0.005869098431573461,0
2024-05-13,410.5853271484375,415.18025140614657,407.7073059282806,414.84283115281045,15440200.0,-0.0024592894507834417,0
2024-05-14,413.40380859375,414.3267549073316,408.43175863614476,408.8981987547859,15109300.0,0.006864544977501108,0
2024-05-15,420.6317443847656,421.35753100749633,414.85536761085484,415.48172683662517,22239500.0,0.01748396033312427,0
2024-05-16,418.5538330078125,422.9582208339026,417.91755229509,419.35914332573157,17530100.0,-0.004939977556835062,0
2024-05-17,417.7783203125,420.4726599302369,415.6109428181483,420.09485405964773,15352200.0,-0.0018528385936392722,0
2024-05-20,422.878662109375,424.30037978174784,417.55961512858175,417.778343258253,16272100.0,0.01220824908544782,0
2024-05-21,426.5572509765625,430.46450167288947,422.39149513236316,424.36001790160714,21453300.0,0.008698922875035153,0
2024-05-22,428.0287170410156,429.90779482091807,424.6583495892153,427.6012125858257,18073700.0,0.0034496332229363436,0
2024-05-23,424.529052734375,431.09086617504613,422.95820916796526,430.4645069803894,17211700.0,-0.008176237171267364,0
2024-05-24,427.6707763671875,428.565562226306,421.95405016489985,424.71796179341015,11845800.0,0.007400491468314785,0
2024-05-28,427.8298645019531,428.3269711402922,424.13138989907134,427.14385491376675,15718000.0,0.0003719873873939683,0
2024-05-29,426.6865234375,428.44627000677747,423.22665032702537,423.22665032702537,15517100.0,-0.0026724199484861044,0
2024-05-30,412.2704162597656,421.84466424386284,411.84288150879064,421.84466424386284,28424800.0,-0.03378617881247892,0
2024-05-31,412.7277526855469,414.3383733012913,402.1692127903504,414.3383733012913,47995300.0,0.0011093117714588985,0
2024-06-03,411.1270446777344,414.02020882309534,406.553688084388,413.1254229827006,17484700.0,-0.0038783629096831307,0
2024-06-04,413.6623229980469,414.03017705380546,407.30928563189894,410.04337212748766,14348900.0,0.006166654208554334,0
2024-06-05,421.5563659667969,421.6259378345122,413.89096003424896,415.39223173706347,16988000.0,0.019083301837927502,0
2024-06-06,422.0633850097656,422.848821948627,418.14618249774657,421.5563568996983,14861300.0,0.0012027313163827102,0
2024-06-07,421.3973083496094,423.81323935854607,420.55222098628695,423.73371564550735,13621700.0,-0.001578143671810861,0
2024-06-10,425.3940124511719,425.6027887352665,421.4370631899479,422.24237348386436,14003000.0,0.00948440823510599,0
2024-06-11,430.1761779785156,430.3153823959729,422.78918087724,423.01786084549974,14551100.0,0.011241732105697233,0
2024-06-12,438.5076904296875,440.8341457768561,430.7428874309175,432.8009161252906,22366200.0,0.019367675100753656,0
2024-06-13,439.0246887207031,440.8242426789463,436.8274858579273,438.2989324414096,15960600.0,0.0011789948096669889,0
2024-06-14,440.00897216796875,440.5756810111054,434.19281849694386,435.74378876375306,13582000.0,0.0022419774389768055,0
2024-06-17,445.775390625,448.3305259626429,438.16966532085047,440.0288392462003,20790000.0,0.013105229260711448,0
2024-06-18,443.75714111328125,447.53516969127554,442.3155500964385,447.10763493198164,17112500.0,-0.004527503209383221,0
2024-06-20,443.1208801269531,443.94606381625726,438.7164921470121,443.71738383441055,19877400.0,-0.001433804501110414,0
2024-06-21,447.17724609375,447.97260457820744,443.9261796037789,444.79114029939626,34486200.0,0.009154084469309431,0
2024-06-24,445.0794677734375,450.13005783321864,443.82674934456685,447.197116551364,15913700.0,-0.004691156221917181,0
2024-06-25,448.3404541015625,448.80773551860256,444.1647465305247,445.65606632861267,16747500.0,0.0073267507585521585,0
2024-06-26,449.54345703125,450.9751265075422,445.59642930053803,446.4017395883299,16507000.0,0.002683235292916475,0
2024-06-27,450.2294616699219,453.53025683427376,449.15569440393773,449.56332546408174,14806300.0,0.0015260029435244515,0
2024-06-28,444.3636169433594,452.7448272217048,443.8267333016812,450.44819707911165,28362300.0,-0.01302856704402644,0
2024-07-01,454.0870056152344,454.7232862857242,443.08105821287796,446.06369781193524,17662800.0,0.021881603941293015,0
2024-07-02,456.62225341796875,456.9304570935814,450.48794440717063,450.57745029839504,13979800.0,0.0055831762886484615,0
2024-07-03,458.1036376953125,458.3521910129211,455.23037712106725,455.5385808076234,9932800.0,0.0032442226944813246,0
2024-07-05,464.8543395996094,465.6397765538939,456.3140515175161,456.95033221316646,16000300.0,0.014736189256778554,0
2024-07-08,463.5419921875,464.99356542878803,461.77229375422786,463.8501958785038,12962300.0,-0.0028231368416173908,0
2024-07-09,456.8807678222656,464.6256672353131,455.3496709136752,464.29759021110544,17207200.0,-0.01437027168520244,0
2024-07-10,463.55194091796875,463.7607172108967,456.20469022907776,458.55104934272356,18196100.0,0.014601562520351719,0
2024-07-11,452.06878662109375,462.0904430463112,448.93699054354346,460.3008712942663,23111200.0,-0.024772098406351195,0
2024-07-12,450.9254150390625,453.71915189160546,448.0422026334216,451.70090017355875,16324300.0,-0.00252919824564124,0
2024-07-15,451.3330383300781,454.6139602586164,448.8176800220224,450.67685394437046,14429400.0,0.0009039705401840958,0
2024-07-16,446.91876220703125,451.671100679191,444.0753266658107,451.5915769633523,17175700.0,-0.009780529560564855,0
2024-07-17,440.9534606933594,442.2757813397234,436.63857872187197,440.0288496296795,21778000.0,-0.013347619339616146,0
2024-07-18,437.8216857910156,442.07691730431753,431.886231451246,441.7687136228689,20794800.0,-0.00710227990368717,0
2024-07-19,434.5805358886719,438.58724438350157,429.5001207828966,430.59376141790096,20940400.0,-0.007402899416660835,0
2024-07-22,440.3768310546875,442.0272287343498,436.37015276462773,439.23349185507885,15808800.0,0.013337677800416836,0
2024-07-23,442.2757873535156,445.7953108894537,440.53591409904936,441.33127259326983,13107100.0,0.00431211672576004,0
2024-07-24,426.4180603027344,438.9252800797557,425.11564336198785,437.90124163761953,26805800.0,-0.03585483877756579,1
2024-07-25,415.97882080078125,427.3128458662045,415.0939867790631,426.31863260886945,29943800.0,-0.02448123209073705,0
2024-07-26,422.8090515136719,426.4379540941027,414.8553456338981,415.7799870015666,23583800.0,0.01641965977917348,0
2024-07-29,424.2606506347656,429.6492697069918,422.2423988579534,429.0825608465564,15125800.0,0.0034332262185423623,0
2024-07-30,420.4726867675781,426.5671885866718,414.9448331085773,425.2448982961915,32687600.0,-0.008928388389354724,0
2024-07-31,415.9291076660156,419.3392517370681,409.82462391670987,418.0666600260145,42891400.0,-0.010805884055137271,0
2024-08-01,414.6962585449219,424.98637136355273,410.6995323530128,418.3549862264431,30296400.0,-0.002964084740334383,0
2024-08-02,406.12615966796875,412.59849761680636,402.0001807599968,410.1030126570464,29437900.0,-0.020665966235200006,0
2024-08-05,392.8633728027344,398.7193036046689,383.34874440032485,386.91799678720787,40709200.0,-0.03265681500565598,0
2024-08-06,397.29754638671875,403.3225066578681,396.1939842314513,397.6853041219084,24946500.0,0.011286808317992225,0
2024-08-07,396.1243896484375,407.70696828580475,395.1699533956427,406.27532907710327,20650900.0,-0.0029528416395990797,0
2024-08-08,400.3597106933594,403.51134950514665,397.6256244291568,400.1111573966137,20203000.0,0.010691896675891988,0
2024-08-09,403.6704406738281,405.68869229684987,399.93221959838144,401.6919660750819,19276700.0,0.00826938848251002,0
2024-08-12,404.4559020996094,406.39463013243375,401.9007666876047,404.7044554196647,16762900.0,0.001945798717563063,0
2024-08-13,411.6142272949219,412.5487901543895,407.19991814538804,407.21979148714996,19414300.0,0.017698654311019357,0
2024-08-14,414.4477233886719,415.30276256625774,410.0632696291805,412.3996465083127,18267000.0,0.00688386335033031,0
2024-08-15,419.34808349609375,419.42775054091777,415.991550712489,418.1229861127925,20752100.0,0.011823831646015082,0
2024-08-16,416.7983093261719,419.6568394696199,415.6329698343419,418.919805326896,22775600.0,-0.006080328658389145,0
2024-08-19,419.8460693359375,420.0651916950313,414.79631569386714,417.28632868553893,15234000.0,0.007312313753606414,0
2024-08-20,423.10302734375,424.15879050030776,419.9556774327427,420.015435317403,16387600.0,0.007757505061233516,0
2024-08-21,422.4456787109375,424.69662989295495,420.03533264675815,422.38589043229285,16067300.0,-0.0015536372711378865,0
2024-08-22,413.88995361328125,425.0850728631847,412.95370628251766,422.66475709775676,19361900.0,-0.020252840847522546,0
2024-08-23,415.1250305175781,417.58516466451346,410.44379375355777,415.3142739439322,18493800.0,0.0029840707500015107,0
2024-08-26,411.8382263183594,415.6130949578331,409.6968209788455,414.70672647734364,13152800.0,-0.00791762470964652,0
2024-08-27,412.18682861328125,412.7047404254691,408.61117324322794,411.2107324794244,13492900.0,0.0008464544392545736,0
2024-08-28,408.9597473144531,413.3421641808517,405.6828816466664,413.22264841837114,14882700.0,-0.00782917132428751,0
2024-08-29,411.4696960449219,420.3640158924635,408.95977368399144,413.2824329478728,17045200.0,0.006137397988313031,0
2024-08-30,415.4736328125,415.822210323597,410.48363692465733,413.93977626013776,24308300.0,0.009730818104138006,0
2024-09-03,407.80438232421875,418.20267931936957,405.4040060811421,416.2405478075573,20313600.0,-0.018459054636909555,0
2024-09-04,407.26654052734375,409.5971891641853,402.7546379619835,404.2884945573242,15135800.0,-0.0013188720381317465,0
2024-09-05,406.75860595703125,411.4497822581618,404.50762432491115,405.9916624475026,14195500.0,-0.001247179720815783,0
2024-09-06,400.0953369140625,409.00956601687597,399.1989078370585,407.42592125419515,19609500.0,-0.016381384303575497,0
2024-09-09,404.0992431640625,407.01753119323797,400.5434971977151,405.6131601713445,15295100.0,0.010007380443076697,0
2024-09-10,412.5453796386719,414.66684525245614,406.0713456246143,406.56934824108026,19594300.0,0.02090114400729104,0
2024-09-11,421.3500671386719,422.29625388353406,407.9438146629927,413.84017908445105,19266900.0,0.021342349071298727,0
2024-09-12,425.29425048828125,425.6627675750461,418.07321227741465,421.6189886086143,17418800.0,0.009360822881538278,0
2024-09-13,428.869873046875,430.1049097614262,423.7603615358477,424.12887859450143,15874600.0,0.008407408645869419,0
2024-09-16,429.61688232421875,431.79813615912246,426.50935094179886,428.879848197679,13834700.0,0.0017418087030378615,0
2024-09-17,433.41168212890625,440.08492951868885,430.5431821213062,438.47140586333086,18874200.0,0.00883298576200664,0
2024-09-18,429.0890197753906,434.28816840172493,428.6906237541022,433.2622842089649,18898000.0,-0.009973571391252878,0
2024-09-19,436.9375305175781,439.73630274210893,435.15467267064554,439.4673922763036,21706600.0,0.018291101334394044,0
2024-09-20,433.53118896484375,437.4853309751932,432.4853956233,435.47341133704515,55167100.0,-0.007795946364917095,0
2024-09-23,431.77825927734375,434.7164566201473,428.6707276626035,432.5451724016005,15128900.0,-0.004043376190962289,0
2024-09-24,427.45556640625,431.6188608604207,424.3978231376462,431.2702529601879,17015800.0,-0.010011372222234027,0
2024-09-25,430.3838195800781,431.38979462226376,426.8579828341436,428.11292879639643,13396400.0,0.006850427047767393,0
2024-09-26,429.5870056152344,433.5610566850483,427.41572154773536,433.3519041012862,14492000.0,-0.0018514031629284222,0
2024-09-27,426.3101501464844,430.1248672217253,425.762359424982,429.7961684722898,14896100.0,-0.007627920365182006,0
2024-09-30,428.5810241699219,428.70057032593814,423.67072584299484,426.49937695538483,16807300.0,0.005326811999801562,0
2024-10-01,419.0094299316406,426.7683189487975,417.13693529272734,426.73844000863045,19092900.0,-0.02233321985456438,0
2024-10-02,415.46368408203125,421.1309565128566,415.0453484935869,420.89189457845896,16582300.0,-0.008462210146888194,0
2024-10-03,414.87603759765625,417.8739927473743,412.63502577299244,415.9616796785687,13686400.0,-0.0014144352608661537,0
2024-10-04,414.39794921875,418.07321108796054,413.3123071245128,416.5692334072243,19169700.0,-0.0011523644066662175,0
2024-10-07,407.9040222167969,415.4437592952022,407.3661708398638,414.3382079936023,20919800.0,-0.015670750818617463,1
2024-10-08,413.0533447265625,413.99956190900485,406.5394920239681,409.25856700863125,19229300.0,0.012623858136483035,0
2024-10-09,415.7923278808594,418.70067647812056,412.6449477589923,414.19871346026423,14974300.0,0.006631063975792495,0
2024-10-10,414.1788024902344,415.68278008253634,411.4995460461954,413.5712539026246,13848400.0,-0.003880604047815317,0
2024-10-11,414.65692138671875,415.46368322393135,411.59917791222887,414.4776477330423,14144900.0,0.0011543779971590062,0
2024-10-14,417.46563720703125,422.34605664401147,415.8520832387316,416.1010845405741,16653100.0,0.0067735896242113736,0
2024-10-15,417.0672302246094,420.7923105426525,413.60115139482065,420.4934907291295,18900200.0,-0.0009543467699217878,0
2024-10-16,414.45770263671875,414.6967341717602,408.84024879356656,413.51151588006746,15508900.0,-0.00625685117117758,0
2024-10-17,415.0553283691406,420.81223776702603,413.92983752079977,420.6727824355961,14820000.0,0.001441946255600568,0
2024-10-18,416.4895324707031,417.97357047210465,414.59712869532103,415.4736181228242,17145300.0,0.0034554528120331884,0
2024-10-21,417.1070861816406,417.2863598354636,412.09718088424023,414.457708513249,14206100.0,0.0014827592599364614,0
2024-10-22,425.8022155761719,428.85992860317606,416.3700446113444,416.8182287379404,25482200.0,0.020846275890754606,0
2024-10-23,422.9038391113281,429.3579337373482,420.8421009299413,429.13881136450993,19654400.0,-0.006806860929367997,0
2024-10-24,423.0332946777344,424.2783011634291,420.71258556682636,423.6308734743349,13581600.0,0.0003061111166033914,0
2024-10-25,426.43963623046875,430.79217425375066,424.8659613297776,425.0552047565001,16899100.0,0.008052183115585088,0
2024-10-28,424.8858947753906,430.21452917811945,424.59704472930554,429.93564891158985,14882400.0,-0.003643520261888633,0
2024-10-29,430.2244873046875,431.43961494644003,424.09903059516625,426.29025434116863,17644100.0,0.012564767611593863,-1
2024-10-30,430.8021545410156,436.7483071680008,430.3738795735308,435.69254402246366,29749100.0,0.001342711197001245,0
2024-10-31,404.72674560546875,414.4975548257246,404.67692710480617,413.70073237613923,53971000.0,-0.06052757318107682,0
2024-11-01,408.73065185546875,413.8401634297127,405.87212177522963,407.3760993641267,24230400.0,0.009892863008126973,0
2024-11-04,406.8282775878906,408.78046967487955,403.9498383507318,408.1629209153218,19672300.0,-0.004654346961604494,0
2024-11-05,409.8163146972656,413.24257521436044,406.4498120639611,406.73866209939297,17626000.0,0.007344713418377058,0
2024-11-06,418.50146484375,418.77040570560524,408.8800507986786,410.77248502778195,26681800.0,0.021192787683184777,0
2024-11-07,423.73052978515625,425.1448706929316,418.2027124984046,419.5971138468432,19901800.0,0.012494735098140142,0
2024-11-08,420.85205078125,424.7962229099081,420.095077093531,423.6209440547306,16891400.0,-0.0067931829348376604,0
2024-11-11,416.34014892578125,423.11297221775334,414.3381687204943,420.83211176857736,24503300.0,-0.010720874110255796,0
2024-11-12,421.340087890625,422.744458901271,415.533390819855,416.57918414479684,19401200.0,0.012009264486608773,0
2024-11-13,423.50146484375,427.61494119189337,416.5393671420712,419.9556884147255,21502200.0,0.005129768126136858,0
2024-11-14,425.1846923828125,426.4595778768523,418.3222016749388,423.30222788535474,30246900.0,0.003974549508780401,0
2024-11-15,413.3421936035156,421.1110226744225,411.98764100476023,418.14294637599176,28247600.0,-0.027852599097416553,0
2024-11-18,414.0991516113281,416.72858966014985,410.45376875637714,413.21269235073834,24742000.0,0.001831310762671734,0
2024-11-19,416.1210632324219,416.270457948444,409.90596948487496,411.45973532284427,18133500.0,0.0048826751110842,0
2024-11-20,413.8302001953125,415.62302783332285,408.93981090505724,415.2046922657536,19191700.0,-0.005505280168501936,0
2024-11-21,412.0437927246094,418.9399686403921,409.4689690149979,418.6605301722443,20780200.0,-0.004316764387567673,0
2024-11-22,416.16552734375,416.56472079906104,410.2374116400306,410.5467888521348,24814600.0,0.010003146975922084,0
2024-11-25,417.95196533203125,420.23736087052777,414.0198472532827,417.54278213072394,27691100.0,0.004292614046347065,0
2024-11-26,427.133544921875,428.18146205416855,418.01185069672323,418.75036014607525,23458900.0,0.021968025877207475,0
2024-11-27,422.1435546875,426.37509083138485,421.17549451394376,424.2593075311874,18332400.0,-0.011682506077315247,0
2024-11-29,422.61260986328125,424.0297817162198,416.9639323784013,419.24935840992123,16271900.0,0.001111127175987603,0
2024-12-02,430.1175842285156,432.13353107658475,420.4669212999132,420.72641076442574,20207200.0,0.017758519717767873,0
2024-12-03,430.3371276855469,431.60457529422956,426.88402964452257,428.9798333762607,18302000.0,0.000510426602123415,0
2024-12-04,436.544677734375,438.79017518476684,431.7642546343851,432.1634480898198,26009400.0,0.014424853561238793,0
2024-12-05,441.7342529296875,443.770179142923,435.2971785217715,437.0436765362191,21697800.0,0.01188784438341095,0
2024-12-06,442.682373046875,445.2073090094776,440.88595677867977,441.4148949698492,18821000.0,0.002146358610181087,0
2024-12-09,445.12744140625,447.4328163406456,439.6184986530788,441.7143023543043,19144400.0,0.00552330182597105,0
2024-12-10,442.4428405761719,448.7202622082635,440.71632196493806,443.500747434082,18469500.0,-0.006031083641118373,0
2024-12-11,448.0915222167969,449.4488165759074,443.1614051498909,443.1614051498909,19200200.0,0.012767031405161777,0
2024-12-12,448.6603698730469,455.24716851093444,448.2112581986308,448.2112581986308,20834800.0,0.0012694898877707583,0
2024-12-13,446.37493896484375,450.5266178755225,444.6883184556146,447.5426110314286,20177800.0,-0.0050938996659094515,0
2024-12-16,450.6863098144531,451.27512549789225,444.38893932865295,446.37494735046533,23598800.0,0.009658631059368039,0
2024-12-17,453.5505676269531,454.3789237624039,448.67036888572403,450.10748972576295,22733500.0,0.006355324646269311,0
2024-12-18,436.5147399902344,451.7441820228141,436.1454548251872,450.4168569277278,24444500.0,-0.03756103255664045,0
2024-12-19,436.15545654296875,442.29314366547726,435.4468858542376,440.73626782337294,22963700.0,-0.00082307288700878,0
2024-12-20,435.726318359375,442.85201454579715,427.7722660445124,432.2432815476765,64263700.0,-0.000983911073806465,0
2024-12-23,434.3790283203125,436.7742196281346,431.96385754199804,435.86603695951885,19152500.0,-0.003092055683336703,0
2024-12-24,438.4508361816406,438.7203153724094,433.32113775673025,433.7802087154167,7164500.0,0.009373859223989811,0
2024-12-26,437.2332763671875,440.0576302640168,435.7562575113133,438.20133650274425,8194200.0,-0.0027769585868658853,0
2024-12-27,429.66845703125,434.3490742197977,425.49682901810996,433.73031978660106,18117700.0,-0.017301563592759583,0
2024-12-30,423.9798583984375,426.6944166190143,421.05572893712207,425.2074080072107,13158700.0,-0.013239507205432988,0
2024-12-31,420.6565246582031,425.8760697244736,419.81820926028456,425.24732556190753,13246500.0,-0.007838423628867885,0
2025-01-02,417.74237060546875,425.2174031564215,414.01985416103116,424.67847521686525,16896500.0,-0.00692763307333033,0
2025-01-03,422.5028381347656,423.1814700735548,418.7004647827294,420.2373611517797,16662900.0,0.011395701906888434,0
2025-01-06,426.99383544921875,433.450889550372,424.6285829292995,427.1435291929144,20573600.0,0.010629508038998425,0
2025-01-07,421.5247802734375,429.7882097463078,419.957914728963,428.1415176926379,18139100.0,-0.012808276658204054,0
2025-01-08,423.7104187011719,426.11559975123726,420.69647292951623,422.61261379874435,15054600.0,0.005185076963486246,0
2025-01-10,418.11163330078125,423.86008600637365,414.1894746460312,423.7802594986814,20201100.0,-0.01321370717659709,0
2025-01-13,416.35516357421875,417.66253969684465,411.4649750549722,414.4090535363967,17604800.0,-0.004200958755191886,0
2025-01-14,414.8382263183594,418.9000587938386,409.89811945983064,416.9739281792526,16935900.0,-0.0036433732269276486,0
2025-01-15,425.4569091796875,427.29322350331137,417.4329894853562,418.29128437786517,19637800.0,0.025597165805012034,0
2025-01-16,423.7303466796875,428.6305247845027,423.5407549144398,427.84212760615685,15300000.0,-0.0040581371761688745,0
2025-01-17,428.1714782714844,433.61058460419247,427.31321381371214,433.22135040368397,26197500.0,0.010481032634545029,0
2025-01-21,427.64251708984375,430.03770829379437,424.7483264493822,429.33912735658424,26085700.0,-0.001235395649836435,0
2025-01-22,445.30712890625,446.37496460039233,435.1275277712005,436.68440364505375,27803800.0,0.04130695875755275,0
2025-01-23,445.8160705566406,445.85599903960934,440.61650492666485,441.1155043659929,18389300.0,0.0011429002981395708,0
2025-01-24,443.17138671875,445.7562002010948,440.5167060042179,444.2691915941594,15549500.0,-0.0059322308291589465,0
2025-01-27,433.6903991699219,434.32913308449037,422.6525337820519,423.16152296669173,35647800.0,-0.021393501099034262,0
2025-01-28,446.30511474609375,447.4827461239755,430.51676503368185,433.73032267022137,23491700.0,0.029086914536997632,0
2025-01-29,441.44482421875,445.98573732495043,439.51869372032735,445.79611510422404,23581400.0,-0.010890062351422536,0
2025-01-30,414.1595458984375,422.0137922192137,412.33322134699057,417.9319804505241,54586300.0,-0.06180903438748164,0
2025-01-31,414.22943115234375,419.84816997012905,414.0797374049759,418.141600337115,34223400.0,0.00016873993271038223,0
2025-02-03,410.09771728515625,414.57872255523336,407.8422300476431,410.7763492208031,25679100.0,-0.0099744575263363,0
2025-02-04,411.5447998046875,413.09171636714575,408.9200578355856,411.86416676091864,20532100.0,0.003528628564701375,0
2025-02-05,412.4629821777344,413.0018796658512,409.5787506797878,411.5248607564065,16316700.0,0.002231062993585775,0
2025-02-06,414.9879150390625,417.36315732347487,413.1715497090401,413.1715497090401,16309800.0,0.0061215987141365336,0
2025-02-07,408.9300537109375,417.8122379259866,407.2833615993766,415.6465973451397,22886800.0,-0.014597681302489951,0
2025-02-10,411.3951110839844,414.62861779989964,410.0977246861568,412.8821197108573,20817900.0,0.006028066048648473,0
2025-02-11,410.6166687011719,411.6645553606299,408.48093644203584,408.8202828688126,18140600.0,-0.0018922013457121079,0
2025-02-12,408.2214660644531,409.92803560329327,403.56079794352274,406.3951110778186,19121700.0,-0.005833184133257507,0
2025-02-13,409.7184753417969,410.17754630619044,405.54681680905935,406.185550721702,23891700.0,0.003667149823785687,0
2025-02-14,407.6126708984375,408.0917213200678,405.06778596420224,406.9739674594389,22758500.0,-0.005139637507443728,0
2025-02-18,408.8202819824219,409.7783523938356,405.6865508328786,407.18354917543536,21423100.0,0.002962643632550943,0
2025-02-19,413.94000244140625,414.6585628844229,406.8342549807474,407.06380569744374,24114200.0,0.012523156713649897,0
2025-02-20,416.1300048828125,419.30999755859375,412.5400085449219,415.2900085449219,23508700.0,0.005290627696018069,0
2025-02-21,408.2099914550781,418.04998779296875,407.8900146484375,417.3399963378906,27524800.0,-0.019032545922673227,0
2025-02-24,404.0,409.3699951171875,399.32000732421875,408.510009765625,26443700.0,-0.01031329840818318,0
2025-02-25,397.8999938964844,401.9200134277344,396.70001220703125,401.1000061035156,29387400.0,-0.015099025008702083,0
2025-02-26,399.7300109863281,403.6000061035156,394.25,398.010009765625,19619000.0,0.0045991885345939565,0
2025-02-27,392.5299987792969,405.739990234375,392.1700134277344,401.2699890136719,21127400.0,-0.01801218824992734,1
2025-02-28,396.989990234375,397.6300048828125,386.57000732421875,392.6600036621094,32845700.0,0.011362167143780022,0
2025-03-03,388.489990234375,398.82000732421875,386.1600036621094,398.82000732421875,23007700.0,-0.021411119194672312,1
2025-03-04,388.6099853515625,392.5799865722656,381.0,383.3999938964844,29342900.0,0.0003088756987408292,0
2025-03-05,401.0199890136719,401.6700134277344,388.80999755859375,389.3399963378906,23433100.0,0.03193434067547818,0
2025-03-06,396.8900146484375,402.1499938964844,392.67999267578125,394.2799987792969,23304600.0,-0.010298674575779265,0
2025-03-07,393.30999755859375,394.79998779296875,385.5400085449219,392.32000732421875,22034100.0,-0.009020174249067203,0
2025-03-10,380.1600036621094,386.3999938964844,377.2200012207031,385.8399963378906,32840100.0,-0.03343417146299554,0
2025-03-11,380.45001220703125,386.0,376.9100036621094,379.0,30380200.0,0.0007628591701605014,0
2025-03-12,383.2699890136719,385.2200012207031,378.95001220703125,382.95001220703125,24253600.0,0.0074122137367840235,0
2025-03-13,378.7699890136719,385.32000732421875,377.45001220703125,383.1600036621094,20473000.0,-0.011741070600337244,0
2025-03-14,388.55999755859375,390.2300109863281,379.510009765625,379.7799987792969,19952800.0,0.025846843279256015,0
2025-03-17,388.70001220703125,392.7099914550781,385.57000732421875,386.70001220703125,22474300.0,0.0003603424164022595,0
2025-03-18,383.5199890136719,387.3699951171875,381.1000061035156,387.07000732421875,19486900.0,-0.013326532108777878,0
2025-03-19,387.82000732421875,389.67999267578125,384.0,385.5299987792969,19185500.0,0.011211979645716852,0
2025-03-20,386.8399963378906,391.7900085449219,383.2799987792969,385.739990234375,18470500.0,-0.0025269737708730755,0
2025-03-21,391.260009765625,391.739990234375,382.79998779296875,383.2200012207031,39571500.0,0.011425947341478171,0
